{"timestamp": 1718822077.0958, "voltage_rms": 228.8819285935586, "current_rms": 12.188376214665773, "active_power": 2789.6990544365594, "apparent_power": 3118.9783612435162, "resistance": 5, "reactance": 20}