{"timestamp": 1718826182.4718912, "temperature": 23.519131233652303, "humidity": 54.755731796867906}