{"timestamp": 1718826182.4699163, "temperature": 16.271774307754498, "humidity": 54.59596639328722}