{"timestamp": 1718822077.0801928, "voltage_rms": 231.658076841583, "current_rms": 12.354575491284322, "active_power": 2862.0371985050815, "apparent_power": 3199.854864995211, "resistance": 5, "reactance": 20}