{"timestamp": 1718826182.4689212, "temperature": 16.680667510824726, "humidity": 59.0770036813518}