{"timestamp": 1718822077.0958, "voltage_rms": 231.6563299762121, "current_rms": 12.430991533320844, "active_power": 2879.7178765744725, "apparent_power": 3219.622464020935, "resistance": 5, "reactance": 20}