{"timestamp": 1718825529.8573678, "smoke_level": 0.11169811512605919, "alarm": 0}