{"timestamp": 1718824626.3868446, "temperature": 23.951540246083415, "humidity": 72.31342471510861}